{"cameraMode":{"drawMode":0,"name":"Shaded","section":"Shading Mode"},"sceneLighting":true,"audioPlay":false,"sceneViewState":{"showFog":true,"showMaterialUpdate":false,"showSkybox":true,"showFlares":true,"showImageEffects":true,"showParticleSystems":true},"in2DMode":false,"pivot":{"x":7.598182201385498,"y":-17.3509464263916,"z":54.61946105957031},"rotation":{"x":-0.18669918179512025,"y":-0.009728660807013512,"z":0.0018491513328626752,"w":-0.9823715090751648},"size":31.059551239013673,"orthographic":false}