{"cameraMode":{"drawMode":0,"name":"Shaded","section":"Shading Mode"},"sceneLighting":true,"audioPlay":false,"sceneViewState":{"showFog":true,"showMaterialUpdate":false,"showSkybox":true,"showFlares":true,"showImageEffects":true,"showParticleSystems":true},"in2DMode":false,"pivot":{"x":-1.0580646991729737,"y":-1.4314289093017579,"z":8.77299976348877},"rotation":{"x":0.19403572380542756,"y":0.019123442471027375,"z":-0.0037839841097593309,"w":0.9808098077774048},"size":9.963113784790039,"orthographic":false}